Model,accuracy_mean,accuracy_std,precision_mean,precision_std,recall_mean,recall_std,f1_mean,f1_std,roc_auc_mean,roc_auc_std
Random Forest,0.8472500000000001,0.009375833296299587,0.63651275144317,0.021078205659835668,0.5815950920245399,0.040537247942777375,0.6075268365835313,0.030723150561219943,0.8559813543161482,0.011885089488086377
Decision Tree,0.7565,0.006080193253507672,0.44366967401939245,0.008271852968850225,0.7680981595092025,0.036942501146808825,0.5621846785877987,0.013806552059392895,0.8280328129364063,0.014961062438029835
Logistic Regression,0.7077500000000001,0.011412712210513336,0.37980822511726486,0.014314126314369808,0.6858895705521473,0.03575166204744409,0.48872133153789904,0.01902987678972613,0.7662157737092006,0.02053333500895233
